label,value
Heart Monster,101D0001_DSC4955.jpg
Feminism,101D0001_DSC3678.jpg
King Wins,100B0001_DSC2474.jpg
Resistance,100D0001_DSC2793.jpg
Resistance,100D0001_DSC3001.jpg
Peace,100E0001_DSC7518.jpg
Trans Flag,101D0001_DSC3765.jpg
Love and Rainbows,101D0001_DSC3884.jpg
Peace,100B0001_DSC1729.jpg
Girl Cats,101D0001_DSC3671.jpg
Heart,100D3200_DSC_0427.jpg
Kitty,100D0001_DSC2732.jpg
Protesting Uterus,100D3200_DSC6216.jpg
Peace,101D0001_DSC3732.jpg
Uterus,100D3200_DSC6205.jpg
Sparkle,100D3200_DSC6769.jpg
Three Little Drawings,101D0001_DSC3899.jpg
Delete His Acoount,100D3200_DSC_0348.jpg
Rainbow Heart,100D3200_DSC6797.jpg
Peace and Equality,100B0001_DSC1781.jpg
Yelling Woman,100D0001_DSC2905.jpg
Alien,100E0001_DSC7520.jpg
Smiley Face,100J0001_DSC3762.jpg
Feminism and peace,100D3200_DSC5348.jpg
Teal Bush,100D0001_DSC2837.jpg
Uterus,100D3200_DSC_0121.jpg
All Equal,100J0001_DSC3778.jpg
Pink Hat,100J0001_DSC3992.jpg
Girl Love,101D0001_DSC4544.jpg
Glitter Flower,100D3200_DSC6325.jpg
Children's Scribbles,100D3200_DSC5577.jpg
Backside of Women Working for Oceans,100J0001_DSC3695.jpg
Mockingjay Pin,100D3200_DSC6296.jpg
A Little Rainbow,101D0001_DSC3806.jpg
Heart Gender Symbol,101D0001_DSC4680.jpg
Backside,101D0001_DSC3812.jpg
A Flag,100J0001_DSC3877.jpg
Equal Genders,101D0001_DSC4679.jpg
Solidarity,100E0001_DSC7496.jpg
Pece and Love,100J0001_DSC3929.jpg
Female,101D0001_DSC4457.jpg
Heart,101D0001_DSC3634.jpg
Lady Centaur,101D0001_DSC4918.jpg
Heart,101D0001_DSC4292.jpg
Poop,100D3200_DSC6324.jpg
Medusa,100B0001_DSC2224.jpg
Feminist Power,100B0001_DSC2413.jpg
Trans Symbol (backside to Her Body Her Choice),100D3200_DSC5307.jpg
Anthropomorphic Uterus,100D0001_DSC3522.jpg
Female,101D0001_DSC4595.jpg
Nope.,100B0001_DSC2475.jpg
Angry Pussy,100D3200_DSC_0117.jpg
Love Uterus,100B0001_DSC2046.jpg
Trump,100D0001_DSC3000.jpg
Swirls,101D0001_DSC4528.jpg
Human Rights Campaign (tape),100D3200_DSC6200.jpg
ACLU Dissent is Patriotic,100D3200_DSC5384.jpg
Bridges Not Walls,100B0001_DSC1969.jpg
Heart,100D0001_DSC2686.jpg
Heart,100D0001_DSC3158.jpg
Peace,101D0001_DSC4473.jpg
All the Same!!!,100E0001_DSC7514.jpg
Raised Black Power Fist,101D0001_DSC3726.jpg
Feminism,100D3200_DSC_0346.jpg
Safety,101D0001_DSC4690.jpg
Green Star,100D3200_DSC_0705.jpg
Flag,101D0001_DSC4873.jpg
Scribbles,100D0001_DSC2677.jpg
Heart,100B0001_DSC2137.jpg
Equality,100B0001_DSC2222.jpg
Unhappy Jellyfish,100D0001_DSC2921.jpg
Rainbow,101D0001_DSC4589.jpg
Can't Hang,100D3200_DSC5604.jpg
Statue,100D3200_DSC5225.jpg
Nazi Trump,100E0001_DSC7499.jpg
Feminism Peace,100D3200_DSC6831.jpg
Safety,100D3200_DSC6286.jpg
Shattering silence,100D0001_DSC3004.jpg
Speckle Mouth Boy,100D0001_DSC2640.jpg
Love for All,100B0001_DSC2338.jpg
WTF!,100D3200_DSC5779.jpg
Rainbow Flag,101D0001_DSC4590.jpg
Peace,100E0001_DSC7488.jpg
Sisterhood!,100J0001_DSC3897.jpg
Human Rights Campaign,100D0001_DSC3036.jpg
Purple Raised Fist,100D3200_DSC_0347.jpg
Handle,100D3200_DSC5420.jpg
Gender,101D0001_DSC4720.jpg
Peace,101D0001_DSC4580.jpg
Earth,100D3200_DSC_0064.jpg
Lady Liberty,100D3200_DSC_0771.jpg
Love > Money,100E0001_DSC7445.jpg
Heart,100D0001_DSC2972.jpg
